[
  {
    "id": 3,
    "name": "Qiko",
    "url": "https://agent.qkos.cn/v1",
    "interval": "1 minutes",
    "status": "up",
    "lastChecked": "2025-07-25T09:27:00.254Z"
  },
  {
    "id": 4,
    "name": "美亚大脑",
    "url": "http://172.27.3.50:9999",
    "interval": "1 minutes",
    "status": "down",
    "lastChecked": "2025-07-25T09:27:05.015Z"
  },
  {
    "id": 5,
    "name": "群聊服务",
    "url": "http://172.16.73.102:10102",
    "interval": "1 minutes",
    "status": "down",
    "lastChecked": "2025-07-25T09:25:57.773Z"
  }
]